{
  "baseline": {
    "n_trades": 2492,
    "win_rate": 0.5228731942215088,
    "avg_ret": 0.003167734854121346
  },
  "flags": {
    "bearTrap": {
      "n_on": 417,
      "n_off": 2075,
      "win_rate_on": 0.5635491606714629,
      "win_rate_off": 0.5146987951807229,
      "avg_ret_on": 0.009310566779978248,
      "avg_ret_off": 0.0019332476670937142,
      "multiplier": 1.077793176050104
    },
    "sellPressure": {
      "n_on": 622,
      "n_off": 1870,
      "win_rate_on": 0.5482315112540193,
      "win_rate_off": 0.5144385026737968,
      "avg_ret_on": 0.016022551205096786,
      "avg_ret_off": -0.0011080382850801142,
      "multiplier": 1.0484980245932587
    },
    "lowSessionLiq": {
      "n_on": 6,
      "n_off": 2486,
      "win_rate_on": 0.3333333333333333,
      "win_rate_off": 0.5233306516492358,
      "avg_ret_on": -0.029549465373103764,
      "avg_ret_off": 0.0032466983301323456,
      "multiplier": 0.6375031977487848
    },
    "lowVol": {
      "n_on": 558,
      "n_off": 1934,
      "win_rate_on": 0.47491039426523296,
      "win_rate_off": 0.5367114788004137,
      "avg_ret_on": -0.014571087887841071,
      "avg_ret_off": 0.008285761270881955,
      "multiplier": 0.9082706849646667
    },
    "volCritical": {
      "n_on": 74,
      "n_off": 2418,
      "win_rate_on": 0.47297297297297297,
      "win_rate_off": 0.5244003308519437,
      "avg_ret_on": -0.05413818449208107,
      "avg_ret_off": 0.004921514023525388,
      "multiplier": 0.9045653481570597
    },
    "deepDowntrend": {
      "n_on": 1322,
      "n_off": 1170,
      "win_rate_on": 0.5779122541603631,
      "win_rate_off": 0.46068376068376066,
      "avg_ret_on": 0.012355355296588563,
      "avg_ret_off": -0.007213490979162131,
      "multiplier": 1.1052627301363198
    }
  },
  "by_flag_count": {
    "0": {
      "n_trades": 607,
      "win_rate": 0.4744645799011532,
      "avg_ret": -0.006397597787165754
    },
    "1": {
      "n_trades": 962,
      "win_rate": 0.5093555093555093,
      "avg_ret": -0.0003655100357079304
    },
    "2": {
      "n_trades": 756,
      "win_rate": 0.5701058201058201,
      "avg_ret": 0.017478932331702855
    },
    "3": {
      "n_trades": 144,
      "win_rate": 0.5972222222222222,
      "avg_ret": 0.0251071230423429
    },
    "4": {
      "n_trades": 22,
      "win_rate": 0.36363636363636365,
      "avg_ret": -0.20218296334254474
    },
    "5": {
      "n_trades": 1,
      "win_rate": 0.0,
      "avg_ret": -0.2525155996977221
    }
  },
  "multipliers": {
    "bearTrap": 1.077793176050104,
    "sellPressure": 1.0484980245932587,
    "lowSessionLiq": 0.6375031977487848,
    "lowVol": 0.9082706849646667,
    "volCritical": 0.9045653481570597,
    "deepDowntrend": 1.1052627301363198
  },
  "baseline_win_rate": 0.5228731942215088
}